{
  "薄弱―纠错提交" : {
    "transaction" : "薄弱―纠错提交",
    "sampleCount" : 20000,
    "errorCount" : 96,
    "errorPct" : 0.48,
    "meanResTime" : 404.51599999999837,
    "medianResTime" : 33.0,
    "minResTime" : 0.0,
    "maxResTime" : 59700.0,
    "pct1ResTime" : 418.0,
    "pct2ResTime" : 585.0,
    "pct3ResTime" : 7075.670000000053,
    "throughput" : 51.94575823924657,
    "receivedKBytesPerSec" : 16.065014560233703,
    "sentKBytesPerSec" : 12.570569124220489
  },
  "薄弱―提交薄弱题答案" : {
    "transaction" : "薄弱―提交薄弱题答案",
    "sampleCount" : 20000,
    "errorCount" : 100,
    "errorPct" : 0.5,
    "meanResTime" : 356.9549499999995,
    "medianResTime" : 33.0,
    "minResTime" : 0.0,
    "maxResTime" : 59723.0,
    "pct1ResTime" : 371.0,
    "pct2ResTime" : 576.0,
    "pct3ResTime" : 3602.0,
    "throughput" : 51.94616299667025,
    "receivedKBytesPerSec" : 16.10905047852156,
    "sentKBytesPerSec" : 18.423244430722
  },
  "薄弱―获取薄弱考点列表" : {
    "transaction" : "薄弱―获取薄弱考点列表",
    "sampleCount" : 20000,
    "errorCount" : 88,
    "errorPct" : 0.44,
    "meanResTime" : 276.0881000000008,
    "medianResTime" : 37.0,
    "minResTime" : 0.0,
    "maxResTime" : 31559.0,
    "pct1ResTime" : 416.0,
    "pct2ResTime" : 576.0,
    "pct3ResTime" : 2378.820000000029,
    "throughput" : 51.81159232566694,
    "receivedKBytesPerSec" : 15.979838571269436,
    "sentKBytesPerSec" : 11.132651600719145
  },
  "用户登录" : {
    "transaction" : "用户登录",
    "sampleCount" : 20000,
    "errorCount" : 95,
    "errorPct" : 0.475,
    "meanResTime" : 1992.8497499999958,
    "medianResTime" : 87.0,
    "minResTime" : 10.0,
    "maxResTime" : 236772.0,
    "pct1ResTime" : 3580.7000000000044,
    "pct2ResTime" : 6200.850000000002,
    "pct3ResTime" : 24357.980000000003,
    "throughput" : 50.88929034884609,
    "receivedKBytesPerSec" : 18.849112359577365,
    "sentKBytesPerSec" : 11.256646419620367
  },
  "章节学习-用户查看主观题详情" : {
    "transaction" : "章节学习-用户查看主观题详情",
    "sampleCount" : 20000,
    "errorCount" : 95,
    "errorPct" : 0.475,
    "meanResTime" : 395.5803000000011,
    "medianResTime" : 33.0,
    "minResTime" : 0.0,
    "maxResTime" : 59702.0,
    "pct1ResTime" : 550.0,
    "pct2ResTime" : 596.9500000000007,
    "pct3ResTime" : 6379.990000000002,
    "throughput" : 51.81078700585462,
    "receivedKBytesPerSec" : 16.04032366765323,
    "sentKBytesPerSec" : 13.092454325553081
  },
  "章节学习-提交随堂练习全部信息" : {
    "transaction" : "章节学习-提交随堂练习全部信息",
    "sampleCount" : 20000,
    "errorCount" : 91,
    "errorPct" : 0.455,
    "meanResTime" : 375.4430500000002,
    "medianResTime" : 33.0,
    "minResTime" : 0.0,
    "maxResTime" : 59741.0,
    "pct1ResTime" : 440.8000000000029,
    "pct2ResTime" : 593.0,
    "pct3ResTime" : 6432.94000000001,
    "throughput" : 51.81078700585462,
    "receivedKBytesPerSec" : 16.15596696333739,
    "sentKBytesPerSec" : 47.94853569763225
  },
  "错题巩固―获得巩固复习题" : {
    "transaction" : "错题巩固―获得巩固复习题",
    "sampleCount" : 20000,
    "errorCount" : 94,
    "errorPct" : 0.47,
    "meanResTime" : 410.10275000000064,
    "medianResTime" : 32.0,
    "minResTime" : 0.0,
    "maxResTime" : 59701.0,
    "pct1ResTime" : 550.0,
    "pct2ResTime" : 607.9500000000007,
    "pct3ResTime" : 7896.910000000014,
    "throughput" : 51.809579073074815,
    "receivedKBytesPerSec" : 16.084200341004173,
    "sentKBytesPerSec" : 11.128864549360282
  },
  "章节学习-学科课程考点列表" : {
    "transaction" : "章节学习-学科课程考点列表",
    "sampleCount" : 20000,
    "errorCount" : 98,
    "errorPct" : 0.49,
    "meanResTime" : 387.3131499999965,
    "medianResTime" : 34.0,
    "minResTime" : 0.0,
    "maxResTime" : 236819.0,
    "pct1ResTime" : 544.0,
    "pct2ResTime" : 601.0,
    "pct3ResTime" : 6394.960000000006,
    "throughput" : 51.676915921657795,
    "receivedKBytesPerSec" : 17.128175001453414,
    "sentKBytesPerSec" : 12.805564998255905
  },
  "章节学习-获得随堂练习记录" : {
    "transaction" : "章节学习-获得随堂练习记录",
    "sampleCount" : 20000,
    "errorCount" : 91,
    "errorPct" : 0.455,
    "meanResTime" : 389.8480000000006,
    "medianResTime" : 33.0,
    "minResTime" : 0.0,
    "maxResTime" : 59703.0,
    "pct1ResTime" : 553.0,
    "pct2ResTime" : 605.0,
    "pct3ResTime" : 7347.850000000024,
    "throughput" : 51.81159232566694,
    "receivedKBytesPerSec" : 15.999068059221944,
    "sentKBytesPerSec" : 12.641985519793323
  },
  "真题―获取考试记录列表" : {
    "transaction" : "真题―获取考试记录列表",
    "sampleCount" : 20000,
    "errorCount" : 94,
    "errorPct" : 0.47,
    "meanResTime" : 353.1779999999998,
    "medianResTime" : 32.0,
    "minResTime" : 0.0,
    "maxResTime" : 59702.0,
    "pct1ResTime" : 537.8000000000029,
    "pct2ResTime" : 604.0,
    "pct3ResTime" : 4639.610000000062,
    "throughput" : 51.81172654806963,
    "receivedKBytesPerSec" : 16.014334260601327,
    "sentKBytesPerSec" : 12.539394115288864
  },
  "真题―生成试卷" : {
    "transaction" : "真题―生成试卷",
    "sampleCount" : 20000,
    "errorCount" : 94,
    "errorPct" : 0.47,
    "meanResTime" : 352.42270000000065,
    "medianResTime" : 33.0,
    "minResTime" : 0.0,
    "maxResTime" : 59747.0,
    "pct1ResTime" : 461.8000000000029,
    "pct2ResTime" : 598.0,
    "pct3ResTime" : 4665.980000000003,
    "throughput" : 51.81159232566694,
    "receivedKBytesPerSec" : 16.011970360045233,
    "sentKBytesPerSec" : 11.783969865730258
  },
  "章节学习--课程开始学习" : {
    "transaction" : "章节学习--课程开始学习",
    "sampleCount" : 20000,
    "errorCount" : 98,
    "errorPct" : 0.49,
    "meanResTime" : 388.9837999999992,
    "medianResTime" : 42.0,
    "minResTime" : 0.0,
    "maxResTime" : 59701.0,
    "pct1ResTime" : 476.90000000000146,
    "pct2ResTime" : 589.0,
    "pct3ResTime" : 6514.8100000001905,
    "throughput" : 51.677717085170045,
    "receivedKBytesPerSec" : 15.990607231747429,
    "sentKBytesPerSec" : 12.353790415204617
  },
  "薄弱―随机获取薄弱考点题目" : {
    "transaction" : "薄弱―随机获取薄弱考点题目",
    "sampleCount" : 20000,
    "errorCount" : 89,
    "errorPct" : 0.445,
    "meanResTime" : 291.7968999999986,
    "medianResTime" : 34.0,
    "minResTime" : 0.0,
    "maxResTime" : 59698.0,
    "pct1ResTime" : 356.0,
    "pct2ResTime" : 569.0,
    "pct3ResTime" : 6365.990000000002,
    "throughput" : 51.946432838456985,
    "receivedKBytesPerSec" : 16.022780824039252,
    "sentKBytesPerSec" : 10.555025618519682
  },
  "章节学习-提交随堂练习单题信息" : {
    "transaction" : "章节学习-提交随堂练习单题信息",
    "sampleCount" : 20000,
    "errorCount" : 96,
    "errorPct" : 0.48,
    "meanResTime" : 389.2050000000009,
    "medianResTime" : 34.0,
    "minResTime" : 0.0,
    "maxResTime" : 59694.0,
    "pct1ResTime" : 499.90000000000146,
    "pct2ResTime" : 601.0,
    "pct3ResTime" : 7066.900000000016,
    "throughput" : 51.677984145194465,
    "receivedKBytesPerSec" : 16.04455306376159,
    "sentKBytesPerSec" : 16.57395717057869
  },
  "真题―试答题回溯" : {
    "transaction" : "真题―试答题回溯",
    "sampleCount" : 20000,
    "errorCount" : 95,
    "errorPct" : 0.475,
    "meanResTime" : 381.26615000000004,
    "medianResTime" : 33.0,
    "minResTime" : 0.0,
    "maxResTime" : 59708.0,
    "pct1ResTime" : 556.0,
    "pct2ResTime" : 603.9500000000007,
    "pct3ResTime" : 4840.090000000146,
    "throughput" : 51.81172654806963,
    "receivedKBytesPerSec" : 16.0117259651877,
    "sentKBytesPerSec" : 10.977695577933904
  },
  "章节学习-获取学科课程列表" : {
    "transaction" : "章节学习-获取学科课程列表",
    "sampleCount" : 20000,
    "errorCount" : 91,
    "errorPct" : 0.455,
    "meanResTime" : 369.58489999999904,
    "medianResTime" : 35.0,
    "minResTime" : 0.0,
    "maxResTime" : 59704.0,
    "pct1ResTime" : 537.0,
    "pct2ResTime" : 601.0,
    "pct3ResTime" : 6416.990000000002,
    "throughput" : 51.678651807331654,
    "receivedKBytesPerSec" : 14.703411675208717,